Rank,Candidate,Job Title,Skill Match (%),Hiring Score (%),Benchmark Status,Alert,Matched Skills,Missing Skills
#1,Alex Chen,Backend Java Specialist,100.0,100.0,QUALIFIED (100.0% >= 85%),None (Meets >=85% Target),"Java, SQL, Docker",
#2,Sarah Johnson,Backend Java Specialist,33.33,56.25,ALERT (33.33% < 85%),"ALERT: Skill match 33.33% is below 85% requirement. Upskilling recommended in: Java, Docker",SQL,"Java, Docker"
#3,Emily Rodriguez,Backend Java Specialist,33.33,56.25,ALERT (33.33% < 85%),"ALERT: Skill match 33.33% is below 85% requirement. Upskilling recommended in: Java, Docker",SQL,"Java, Docker"
#1,Alex Chen,DevOps & Cloud Engineer,75.0,78.75,ALERT (75.0% < 85%),ALERT: Skill match 75.0% is below 85% requirement. Upskilling recommended in: AWS,"Python, Kubernetes, Docker",AWS
#2,Emily Rodriguez,DevOps & Cloud Engineer,50.0,66.25,ALERT (50.0% < 85%),"ALERT: Skill match 50.0% is below 85% requirement. Upskilling recommended in: AWS, Docker","Python, Kubernetes","AWS, Docker"
#3,Sarah Johnson,DevOps & Cloud Engineer,25.0,51.25,ALERT (25.0% < 85%),"ALERT: Skill match 25.0% is below 85% requirement. Upskilling recommended in: Docker, AWS, Kubernetes",Python,"Docker, AWS, Kubernetes"
#1,Emily Rodriguez,Senior Machine Learning Engineer,100.0,100.0,QUALIFIED (100.0% >= 85%),None (Meets >=85% Target),"AWS SageMaker, TensorFlow, Python, Kubernetes, SQL",
#2,Sarah Johnson,Senior Machine Learning Engineer,60.0,76.0,ALERT (60.0% < 85%),"ALERT: Skill match 60.0% is below 85% requirement. Upskilling recommended in: AWS SageMaker, Kubernetes","TensorFlow, Python, SQL","AWS SageMaker, Kubernetes"
#3,Alex Chen,Senior Machine Learning Engineer,60.0,66.0,ALERT (60.0% < 85%),"ALERT: Skill match 60.0% is below 85% requirement. Upskilling recommended in: TensorFlow, AWS SageMaker","Python, Kubernetes, SQL","TensorFlow, AWS SageMaker"
